{"Influenza": {"peak_months": [1, 2, 12], "moderate_months": [3, 11], "low_months": [4, 5, 6, 7, 8, 9, 10], "baseline_value": 24, "peak_multiplier": 3.709450337958767, "year_trend": 1.079070929043426}, "COVID-19": {"peak_months": [1, 12], "moderate_months": [2, 7, 8, 11], "low_months": [3, 4, 5, 6, 9, 10], "baseline_value": 23, "peak_multiplier": 2.2480309101216633, "year_trend": 0.9346513725612302}, "Pneumonia": {"peak_months": [12, 1, 2], "moderate_months": [3, 11], "low_months": [4, 5, 6, 7, 8, 9, 10], "baseline_value": 16, "peak_multiplier": 2.2047785257843113, "year_trend": 1.0753985077041226}, "Gastroenteritis": {"peak_months": [1, 7], "moderate_months": [2, 6, 8, 12], "low_months": [3, 4, 5, 9, 10, 11], "baseline_value": 34, "peak_multiplier": 1.7491528312926092, "year_trend": 1.0332577560020113}, "Common Cold": {"peak_months": [10, 11, 12, 1, 2], "moderate_months": [3, 9], "low_months": [4, 5, 6, 7, 8], "baseline_value": 32, "peak_multiplier": 1.819094883644016, "year_trend": 1.02748779416487}, "Bronchitis": {"peak_months": [12, 1, 2], "moderate_months": [3, 11], "low_months": [4, 5, 6, 7, 8, 9, 10], "baseline_value": 12, "peak_multiplier": 1.632075332129217, "year_trend": 0.9972394199613294}, "Asthma": {"peak_months": [5, 9], "moderate_months": [4, 6, 8, 10], "low_months": [1, 2, 3, 7, 11, 12], "baseline_value": 24, "peak_multiplier": 1.57755297990929, "year_trend": 1.00725887603484}, "Allergies": {"peak_months": [4, 5, 9], "moderate_months": [3, 6, 8, 10], "low_months": [1, 2, 7, 11, 12], "baseline_value": 21, "peak_multiplier": 2.4693696177145608, "year_trend": 1.0873773715635693}}